,char_length,word_count,exclaim_count,digit_count,label
char_length,1.0,0.857336613102442,0.28359243278036,-0.004870864277896135,-0.13244162095459444
word_count,0.857336613102442,1.0,0.3872880310505261,-0.023613068084920724,0.0031110950234371454
exclaim_count,0.28359243278036,0.3872880310505261,1.0,0.003342636798741096,0.0035325794998095675
digit_count,-0.004870864277896135,-0.023613068084920724,0.003342636798741096,1.0,0.00022316420637951586
label,-0.13244162095459444,0.0031110950234371454,0.0035325794998095675,0.00022316420637951586,1.0
